{
  "_num_labels": 3,
  "activation_dropout": 0.0,
  "activation_function": "gelu",
  "add_final_layer_norm": false,
  "attention_dropout": 0.0,
  "bos_token_id": 0,
  "classif_dropout": 0.0,
  "d_model": 1024,
  "decoder_attention_heads": 16,
  "decoder_ffn_dim": 4096,
  "decoder_layerdrop": 0.0,
  "decoder_layers": 12,
  "decoder_start_token_id": 2,
  "dropout": 0.1,
  "early_stopping": true,
  "encoder_attention_heads": 16,
  "encoder_ffn_dim": 4096,
  "encoder_layerdrop": 0.0,
  "encoder_layers": 12,
  "eos_token_id": 2,
  "force_bos_token_to_be_generated": true,
  "id2label": {
    "0": "LABEL_0",
    "1": "LABEL_1",
    "2": "LABEL_2"
  },
  "init_std": 0.02,
  "is_encoder_decoder": true,
  "label2id": {
    "LABEL_0": 0,
    "LABEL_1": 1,
    "LABEL_2": 2
  },
  "length_penalty": 2.0,
  "max_length": 142,
  "max_position_embeddings": 1024,
  "min_length": 56,
  "model_type": "bart",
  "no_repeat_ngram_size": 3,
  "normalize_before": false,
  "num_beams": 4,
  "num_hidden_layers": 12,
  "output_past": true,
  "pad_token_id": 1,
  "prefix": " ",
  "scale_embedding": false,
  "task_specific_params": {
    "summarization": {
      "early_stopping": true,
      "length_penalty": 2.0,
      "max_length": 142,
      "min_length": 56,
      "no_repeat_ngram_size": 3,
      "num_beams": 4
    }
  },
  "vocab_size": 50264
}
